{"name":"basic", "width":1024, "height":768, "length":30, "layer":[{"name":"カメラ 1", "startFrame":0, "layerType":"camera", "camera":{}, "property":{"active":{"0":true, "30":false}, "Position":{"0":[512, 384, -1866.66666685]}, "Scale":{"0":[100, 100, 100]}, "Opacity":{"0":100}, "Rotation":{"0":[0, 0, 0]}, "LookAt":{"0":[512, 384, 0]}, "Orientation":{"0":[0, 0, 0]}, "Zoom":{"0":1866.66666685}}}, {"name":"シアン青 平面 1", "startFrame":0, "width":1024, "height":768, "is3d":true, "layerType":"solid", "solid":[0, 0.47215068340302, 1], "property":{"active":{"0":true, "30":false}, "Position":{"0":[512, 384, 89]}, "Scale":{"0":[3.515625, -54.6875, 100]}, "Opacity":{"0":100}, "Rotation":{"0":[0, 0, 0], "1":[12.4137931034483, 0, 0], "2":[24.8275862068966, 0, 0], "3":[37.2413793103448, 0, 0], "4":[49.6551724137931, 0, 0], "5":[62.0689655172414, 0, 0], "6":[74.4827586206897, 0, 0], "7":[86.8965517241379, 0, 0], "8":[99.3103448275862, 0, 0], "9":[111.724137931034, 0, 0], "10":[124.137931034483, 0, 0], "11":[136.551724137931, 0, 0], "12":[148.965517241379, 0, 0], "13":[161.379310344828, 0, 0], "14":[173.793103448276, 0, 0], "15":[186.206896551724, 0, 0], "16":[198.620689655172, 0, 0], "17":[211.034482758621, 0, 0], "18":[223.448275862069, 0, 0], "19":[235.862068965517, 0, 0], "20":[248.275862068966, 0, 0], "21":[260.689655172414, 0, 0], "22":[273.103448275862, 0, 0], "23":[285.51724137931, 0, 0], "24":[297.931034482759, 0, 0], "25":[310.344827586207, 0, 0], "26":[322.758620689655, 0, 0], "27":[335.172413793103, 0, 0], "28":[347.586206896552, 0, 0], "29":[360, 0, 0]}, "AnchorPoint":{"0":[512, 384, 0]}, "Orientation":{"0":[0, 0, 0]}}}, {"name":"イエロー 平面 1", "startFrame":0, "width":1024, "height":768, "is3d":true, "layerType":"solid", "solid":[0.98823499679565, 1, 0], "property":{"active":{"0":true, "30":false}, "Position":{"0":[624, 384, -64]}, "Scale":{"0":[39.453125, 21.875, 100]}, "Opacity":{"0":100}, "Rotation":{"0":[0, 0, 0], "1":[0, -12.4137931034483, 0], "2":[0, -24.8275862068966, 0], "3":[0, -37.2413793103448, 0], "4":[0, -49.6551724137931, 0], "5":[0, -62.0689655172414, 0], "6":[0, -74.4827586206897, 0], "7":[0, -86.8965517241379, 0], "8":[0, -99.3103448275862, 0], "9":[0, -111.724137931034, 0], "10":[0, -124.137931034483, 0], "11":[0, -136.551724137931, 0], "12":[0, -148.965517241379, 0], "13":[0, -161.379310344828, 0], "14":[0, -173.793103448276, 0], "15":[0, -186.206896551724, 0], "16":[0, -198.620689655172, 0], "17":[0, -211.034482758621, 0], "18":[0, -223.448275862069, 0], "19":[0, -235.862068965517, 0], "20":[0, -248.275862068966, 0], "21":[0, -260.689655172414, 0], "22":[0, -273.103448275862, 0], "23":[0, -285.51724137931, 0], "24":[0, -297.931034482759, 0], "25":[0, -310.344827586207, 0], "26":[0, -322.758620689655, 0], "27":[0, -335.172413793103, 0], "28":[0, -347.586206896552, 0], "29":[0, -360, 0]}, "AnchorPoint":{"0":[512, 384, 0]}, "Orientation":{"0":[0, 0, 0]}}}, {"name":"ホワイト 平面 1", "startFrame":0, "width":1024, "height":768, "is3d":false, "layerType":"solid", "solid":[1, 1, 1], "property":{"active":{"0":true, "30":false}, "Position":{"0":[510, 144, 0], "1":[510, 172.334387393186, 0], "2":[510, 200.669287548648, 0], "3":[510, 229.002401600036, 0], "4":[510, 257.333968214204, 0], "5":[510, 285.674427845399, 0], "6":[510, 313.999979166473, 0], "7":[510, 342.333287756705, 0], "8":[510, 370.664876174179, 0], "9":[510, 398.999526719589, 0], "10":[510, 427.320780827266, 0], "11":[510, 455.665560319836, 0], "12":[510, 483.999599979697, 0], "13":[510, 512.333071216662, 0], "14":[510, 540.666190600682, 0], "15":[510, 569, 0], "16":[510, 538.641893683967, 0], "17":[510, 508.285698782937, 0], "18":[510, 477.927449273654, 0], "19":[510, 447.565783015194, 0], "20":[510, 417.204761818051, 0], "21":[510, 386.856433436854, 0], "22":[510, 356.498746657812, 0], "23":[510, 326.143347513027, 0], "24":[510, 295.791090051208, 0], "25":[510, 265.432193990123, 0], "26":[510, 235.074273285841, 0], "27":[510, 204.716822751512, 0], "28":[510, 174.358775199958, 0], "29":[510, 144, 0]}, "Scale":{"0":[80.078125, 23.4375, 100]}, "Opacity":{"0":100}, "Rotation":{"0":[0, 0, 0]}, "AnchorPoint":{"0":[512, 384, 0]}, "Orientation":{"0":[0, 0, 0]}}}, {"name":"レッド 平面 1", "startFrame":0, "width":1024, "height":768, "is3d":true, "layerType":"solid", "solid":[1, 0, 0], "property":{"active":{"0":true, "30":false}, "Position":{"0":[388, 534, -115]}, "Scale":{"0":[50.390625, 23.4375, 100]}, "Opacity":{"0":100}, "Rotation":{"0":[0, 0, 0], "1":[12.4137931034483, 0, 12.4137931034483], "2":[24.8275862068966, 0, 24.8275862068966], "3":[37.2413793103448, 0, 37.2413793103448], "4":[49.6551724137931, 0, 49.6551724137931], "5":[62.0689655172414, 0, 62.0689655172414], "6":[74.4827586206897, 0, 74.4827586206897], "7":[86.8965517241379, 0, 86.8965517241379], "8":[99.3103448275862, 0, 99.3103448275862], "9":[111.724137931034, 0, 111.724137931034], "10":[124.137931034483, 0, 124.137931034483], "11":[136.551724137931, 0, 136.551724137931], "12":[148.965517241379, 0, 148.965517241379], "13":[161.379310344828, 0, 161.379310344828], "14":[173.793103448276, 0, 173.793103448276], "15":[186.206896551724, 0, 186.206896551724], "16":[198.620689655172, 0, 198.620689655172], "17":[211.034482758621, 0, 211.034482758621], "18":[223.448275862069, 0, 223.448275862069], "19":[235.862068965517, 0, 235.862068965517], "20":[248.275862068966, 0, 248.275862068966], "21":[260.689655172414, 0, 260.689655172414], "22":[273.103448275862, 0, 273.103448275862], "23":[285.51724137931, 0, 285.51724137931], "24":[297.931034482759, 0, 297.931034482759], "25":[310.344827586207, 0, 310.344827586207], "26":[322.758620689655, 0, 322.758620689655], "27":[335.172413793103, 0, 335.172413793103], "28":[347.586206896552, 0, 347.586206896552], "29":[360, 0, 360]}, "AnchorPoint":{"0":[512, 384, 0]}, "Orientation":{"0":[0, 0, 0]}}}, {"name":"深いグリーン 平面 1", "startFrame":0, "width":1024, "height":768, "is3d":true, "layerType":"solid", "solid":[0.04694664850831, 0.34632351994514, 0.01070059183985], "property":{"active":{"0":true, "30":false}, "Position":{"0":[296, 518, -91]}, "Scale":{"0":[20.703125, 55.2083333333333, 100]}, "Opacity":{"0":100}, "Rotation":{"0":[0, 0, 0], "1":[0, 0, 12.4137931034483], "2":[0, 0, 24.8275862068966], "3":[0, 0, 37.2413793103448], "4":[0, 0, 49.6551724137931], "5":[0, 0, 62.0689655172414], "6":[0, 0, 74.4827586206897], "7":[0, 0, 86.8965517241379], "8":[0, 0, 99.3103448275862], "9":[0, 0, 111.724137931034], "10":[0, 0, 124.137931034483], "11":[0, 0, 136.551724137931], "12":[0, 0, 148.965517241379], "13":[0, 0, 161.379310344828], "14":[0, 0, 173.793103448276], "15":[0, 0, 186.206896551724], "16":[0, 0, 198.620689655172], "17":[0, 0, 211.034482758621], "18":[0, 0, 223.448275862069], "19":[0, 0, 235.862068965517], "20":[0, 0, 248.275862068966], "21":[0, 0, 260.689655172414], "22":[0, 0, 273.103448275862], "23":[0, 0, 285.51724137931], "24":[0, 0, 297.931034482759], "25":[0, 0, 310.344827586207], "26":[0, 0, 322.758620689655], "27":[0, 0, 335.172413793103], "28":[0, 0, 347.586206896552], "29":[0, 0, 360]}, "AnchorPoint":{"0":[512, 384, 0]}, "Orientation":{"0":[0, 0, 0]}}}]}