{"name":"3d_basic", "width":1024, "height":768, "frameRate":30, "length":30, "layer":[{"name":"1", "index":1, "layerType":"camera", "frameOffset":0, "inFrame":0, "outFrame":30, "property":{"active":{"0":true}, "Position":{"0":[512, 384, -1866.66666685]}, "Scale":{"0":[100, 100, 100]}, "Opacity":{"0":100}, "Rotation":{"0":[0, 0, 0]}, "LookAt":{"0":[512, 384, 0]}, "Orientation":{"0":[0, 0, 0]}, "Zoom":{"0":1866.66666685}}}, {"name":"1", "index":2, "width":100, "height":100, "is3d":true, "isCollapse":false, "blendingMode":"none", "layerType":"solid", "sourceDirectory":"", "color":[1, 1, 1], "frameOffset":0, "inFrame":0, "outFrame":30, "property":{"active":{"0":true}, "Position":{"0":[512, 384, 0]}, "Scale":{"0":[100, 100, 100]}, "Opacity":{"0":0}, "Rotation":{"0":[0, 0, 0], "1":[0, 12.4137931034483, 0], "2":[0, 24.8275862068966, 0], "3":[0, 37.2413793103448, 0], "4":[0, 49.6551724137931, 0], "5":[0, 62.0689655172414, 0], "6":[0, 74.4827586206897, 0], "7":[0, 86.8965517241379, 0], "8":[0, 99.3103448275862, 0], "9":[0, 111.724137931034, 0], "10":[0, 124.137931034483, 0], "11":[0, 136.551724137931, 0], "12":[0, 148.965517241379, 0], "13":[0, 161.379310344828, 0], "14":[0, 173.793103448276, 0], "15":[0, 186.206896551724, 0], "16":[0, 198.620689655172, 0], "17":[0, 211.034482758621, 0], "18":[0, 223.448275862069, 0], "19":[0, 235.862068965517, 0], "20":[0, 248.275862068966, 0], "21":[0, 260.689655172414, 0], "22":[0, 273.103448275862, 0], "23":[0, 285.51724137931, 0], "24":[0, 297.931034482759, 0], "25":[0, 310.344827586207, 0], "26":[0, 322.758620689655, 0], "27":[0, 335.172413793103, 0], "28":[0, 347.586206896552, 0], "29":[0, 360, 0]}, "AnchorPoint":{"0":[0, 0, 0]}, "Orientation":{"0":[0, 0, 0]}}}, {"name":"1", "index":3, "parent":2, "width":1024, "height":768, "is3d":true, "isCollapse":false, "blendingMode":"none", "layerType":"solid", "sourceDirectory":"", "color":[0, 0.47215068340302, 1], "frameOffset":0, "inFrame":0, "outFrame":30, "property":{"active":{"0":true}, "Position":{"0":[0, 0, 0]}, "Scale":{"0":[21.9318498883106, -31.2238653274858, 100]}, "Opacity":{"0":100}, "Rotation":{"0":[0, 120, 0]}, "AnchorPoint":{"0":[-512, 384, 0]}, "Orientation":{"0":[0, 0, 0]}}}, {"name":"1", "index":4, "parent":2, "width":1024, "height":768, "is3d":true, "isCollapse":false, "blendingMode":"none", "layerType":"solid", "sourceDirectory":"", "color":[1, 0, 0], "frameOffset":0, "inFrame":0, "outFrame":30, "property":{"active":{"0":true}, "Position":{"0":[0, 0, 0]}, "Scale":{"0":[19.9661690846252, 26.8587239583554, 100]}, "Opacity":{"0":100}, "Rotation":{"0":[0, 240, 0]}, "AnchorPoint":{"0":[-512, 384, 0]}, "Orientation":{"0":[0, 0, 0]}}}, {"name":"", "index":5, "parent":2, "width":1024, "height":768, "is3d":true, "isCollapse":false, "blendingMode":"none", "layerType":"solid", "sourceDirectory":"", "color":[0.04694664850831, 0.34632351994514, 0.01070059183985], "frameOffset":0, "inFrame":0, "outFrame":30, "property":{"active":{"0":true}, "Position":{"0":[0, 0, 0]}, "Scale":{"0":[20.703125, 29.4453124998703, 100]}, "Opacity":{"0":100}, "Rotation":{"0":[0, 0, 0]}, "AnchorPoint":{"0":[-512, 384, 0]}, "Orientation":{"0":[0, 0, 0]}}}]}