{"name":"marker_basic", "width":1024, "height":768, "length":30, "marker":[{"comment":"1", "from":12, "length":8}], "layer":[{"name":"ê[Ç¢ÉOÉäÅ[Éì ïΩñ  1", "index":1, "width":1024, "height":768, "is3d":false, "isCollapse":false, "blendingMode":"none", "layerType":"solid", "sourceDirectory":"ïΩñ /", "color":[0.0469469986856, 0.3463239967823, 0.01070099975914], "frameOffset":0, "inFrame":0, "outFrame":30, "property":{"active":{"0":true}, "Position":{"0":[288, 384, 0], "1":[325.801134303375, 383.983121546746, 0], "2":[363.601229371577, 383.956509035374, 0], "3":[401.403953317812, 383.928803387248, 0], "4":[439.200161939262, 383.902641589658, 0], "5":[476.99949809085, 383.879809920294, 0], "6":[514.799963914239, 383.862218228562, 0], "7":[552.597637943279, 383.852575849074, 0], "8":[590.397792987424, 383.855720938461, 0], "9":[628.199959346351, 383.883283689774, 0], "10":[666, 384, 0], "11":[598.989797851431, 385.186798234648, 0], "12":[520, 386, 0]}, "Scale":{"0":[18.359375, 21.875, 100]}, "Opacity":{"0":100}, "Rotation":{"0":[0, 0, 0], "13":[0, 0, 11.25], "14":[0, 0, 22.5], "15":[0, 0, 33.75], "16":[0, 0, 45], "17":[0, 0, 56.25], "18":[0, 0, 67.5], "19":[0, 0, 78.75], "20":[0, 0, 90]}, "AnchorPoint":{"0":[512, 384, 0]}, "Orientation":{"0":[0, 0, 0]}}}]}