{"name":"nest_nested2", "width":1024, "height":768, "length":300, "layer":[{"name":"グレー系ブルー 平面 1", "index":1, "width":256, "height":256, "is3d":false, "isCollapse":false, "blendingMode":"none", "layerType":"solid", "sourceDirectory":"平面/", "color":[0.11670934408903, 0.1862168610096, 0.41073834896088], "frameOffset":25, "inFrame":0, "outFrame":300, "property":{"active":{"0":true}, "Position":{"0":[512, 384, 0]}, "Scale":{"0":[286, 100, 100]}, "Opacity":{"0":80}, "Rotation":{"0":[0, 0, 0], "1":[0, 0, 1.20401337792642], "2":[0, 0, 2.40802675585284], "3":[0, 0, 3.61204013377926], "4":[0, 0, 4.81605351170569], "5":[0, 0, 6.02006688963211], "6":[0, 0, 7.22408026755853], "7":[0, 0, 8.42809364548495], "8":[0, 0, 9.63210702341137], "9":[0, 0, 10.8361204013378], "10":[0, 0, 12.0401337792642], "11":[0, 0, 13.2441471571906], "12":[0, 0, 14.4481605351171], "13":[0, 0, 15.6521739130435], "14":[0, 0, 16.8561872909699], "15":[0, 0, 18.0602006688963], "16":[0, 0, 19.2642140468227], "17":[0, 0, 20.4682274247492], "18":[0, 0, 21.6722408026756], "19":[0, 0, 22.876254180602], "20":[0, 0, 24.0802675585284], "21":[0, 0, 25.2842809364548], "22":[0, 0, 26.4882943143813], "23":[0, 0, 27.6923076923077], "24":[0, 0, 28.8963210702341], "25":[0, 0, 30.1003344481605], "26":[0, 0, 31.304347826087], "27":[0, 0, 32.5083612040134], "28":[0, 0, 33.7123745819398], "29":[0, 0, 34.9163879598662], "30":[0, 0, 36.1204013377926], "31":[0, 0, 37.3244147157191], "32":[0, 0, 38.5284280936455], "33":[0, 0, 39.7324414715719], "34":[0, 0, 40.9364548494983], "35":[0, 0, 42.1404682274247], "36":[0, 0, 43.3444816053512], "37":[0, 0, 44.5484949832776], "38":[0, 0, 45.752508361204], "39":[0, 0, 46.9565217391304], "40":[0, 0, 48.1605351170569], "41":[0, 0, 49.3645484949833], "42":[0, 0, 50.5685618729097], "43":[0, 0, 51.7725752508361], "44":[0, 0, 52.9765886287625], "45":[0, 0, 54.180602006689], "46":[0, 0, 55.3846153846154], "47":[0, 0, 56.5886287625418], "48":[0, 0, 57.7926421404682], "49":[0, 0, 58.9966555183946], "50":[0, 0, 60.2006688963211], "51":[0, 0, 61.4046822742475], "52":[0, 0, 62.6086956521739], "53":[0, 0, 63.8127090301003], "54":[0, 0, 65.0167224080268], "55":[0, 0, 66.2207357859532], "56":[0, 0, 67.4247491638796], "57":[0, 0, 68.628762541806], "58":[0, 0, 69.8327759197324], "59":[0, 0, 71.0367892976589], "60":[0, 0, 72.2408026755853], "61":[0, 0, 73.4448160535117], "62":[0, 0, 74.6488294314381], "63":[0, 0, 75.8528428093645], "64":[0, 0, 77.056856187291], "65":[0, 0, 78.2608695652174], "66":[0, 0, 79.4648829431438], "67":[0, 0, 80.6688963210702], "68":[0, 0, 81.8729096989967], "69":[0, 0, 83.0769230769231], "70":[0, 0, 84.2809364548495], "71":[0, 0, 85.4849498327759], "72":[0, 0, 86.6889632107023], "73":[0, 0, 87.8929765886288], "74":[0, 0, 89.0969899665552], "75":[0, 0, 90.3010033444816], "76":[0, 0, 91.505016722408], "77":[0, 0, 92.7090301003344], "78":[0, 0, 93.9130434782609], "79":[0, 0, 95.1170568561873], "80":[0, 0, 96.3210702341137], "81":[0, 0, 97.5250836120401], "82":[0, 0, 98.7290969899665], "83":[0, 0, 99.933110367893], "84":[0, 0, 101.137123745819], "85":[0, 0, 102.341137123746], "86":[0, 0, 103.545150501672], "87":[0, 0, 104.749163879599], "88":[0, 0, 105.953177257525], "89":[0, 0, 107.157190635452], "90":[0, 0, 108.361204013378], "91":[0, 0, 109.565217391304], "92":[0, 0, 110.769230769231], "93":[0, 0, 111.973244147157], "94":[0, 0, 113.177257525084], "95":[0, 0, 114.38127090301], "96":[0, 0, 115.585284280936], "97":[0, 0, 116.789297658863], "98":[0, 0, 117.993311036789], "99":[0, 0, 119.197324414716], "100":[0, 0, 120.401337792642], "101":[0, 0, 121.605351170569], "102":[0, 0, 122.809364548495], "103":[0, 0, 124.013377926421], "104":[0, 0, 125.217391304348], "105":[0, 0, 126.421404682274], "106":[0, 0, 127.625418060201], "107":[0, 0, 128.829431438127], "108":[0, 0, 130.033444816054], "109":[0, 0, 131.23745819398], "110":[0, 0, 132.441471571906], "111":[0, 0, 133.645484949833], "112":[0, 0, 134.849498327759], "113":[0, 0, 136.053511705686], "114":[0, 0, 137.257525083612], "115":[0, 0, 138.461538461538], "116":[0, 0, 139.665551839465], "117":[0, 0, 140.869565217391], "118":[0, 0, 142.073578595318], "119":[0, 0, 143.277591973244], "120":[0, 0, 144.481605351171], "121":[0, 0, 145.685618729097], "122":[0, 0, 146.889632107023], "123":[0, 0, 148.09364548495], "124":[0, 0, 149.297658862876], "125":[0, 0, 150.501672240803], "126":[0, 0, 151.705685618729], "127":[0, 0, 152.909698996656], "128":[0, 0, 154.113712374582], "129":[0, 0, 155.317725752508], "130":[0, 0, 156.521739130435], "131":[0, 0, 157.725752508361], "132":[0, 0, 158.929765886288], "133":[0, 0, 160.133779264214], "134":[0, 0, 161.33779264214], "135":[0, 0, 162.541806020067], "136":[0, 0, 163.745819397993], "137":[0, 0, 164.94983277592], "138":[0, 0, 166.153846153846], "139":[0, 0, 167.357859531773], "140":[0, 0, 168.561872909699], "141":[0, 0, 169.765886287625], "142":[0, 0, 170.969899665552], "143":[0, 0, 172.173913043478], "144":[0, 0, 173.377926421405], "145":[0, 0, 174.581939799331], "146":[0, 0, 175.785953177258], "147":[0, 0, 176.989966555184], "148":[0, 0, 178.19397993311], "149":[0, 0, 179.397993311037], "150":[0, 0, 180.602006688963], "151":[0, 0, 181.80602006689], "152":[0, 0, 183.010033444816], "153":[0, 0, 184.214046822742], "154":[0, 0, 185.418060200669], "155":[0, 0, 186.622073578595], "156":[0, 0, 187.826086956522], "157":[0, 0, 189.030100334448], "158":[0, 0, 190.234113712375], "159":[0, 0, 191.438127090301], "160":[0, 0, 192.642140468227], "161":[0, 0, 193.846153846154], "162":[0, 0, 195.05016722408], "163":[0, 0, 196.254180602007], "164":[0, 0, 197.458193979933], "165":[0, 0, 198.66220735786], "166":[0, 0, 199.866220735786], "167":[0, 0, 201.070234113712], "168":[0, 0, 202.274247491639], "169":[0, 0, 203.478260869565], "170":[0, 0, 204.682274247492], "171":[0, 0, 205.886287625418], "172":[0, 0, 207.090301003344], "173":[0, 0, 208.294314381271], "174":[0, 0, 209.498327759197], "175":[0, 0, 210.702341137124], "176":[0, 0, 211.90635451505], "177":[0, 0, 213.110367892977], "178":[0, 0, 214.314381270903], "179":[0, 0, 215.518394648829], "180":[0, 0, 216.722408026756], "181":[0, 0, 217.926421404682], "182":[0, 0, 219.130434782609], "183":[0, 0, 220.334448160535], "184":[0, 0, 221.538461538462], "185":[0, 0, 222.742474916388], "186":[0, 0, 223.946488294314], "187":[0, 0, 225.150501672241], "188":[0, 0, 226.354515050167], "189":[0, 0, 227.558528428094], "190":[0, 0, 228.76254180602], "191":[0, 0, 229.966555183946], "192":[0, 0, 231.170568561873], "193":[0, 0, 232.374581939799], "194":[0, 0, 233.578595317726], "195":[0, 0, 234.782608695652], "196":[0, 0, 235.986622073579], "197":[0, 0, 237.190635451505], "198":[0, 0, 238.394648829431], "199":[0, 0, 239.598662207358], "200":[0, 0, 240.802675585284], "201":[0, 0, 242.006688963211], "202":[0, 0, 243.210702341137], "203":[0, 0, 244.414715719064], "204":[0, 0, 245.61872909699], "205":[0, 0, 246.822742474916], "206":[0, 0, 248.026755852843], "207":[0, 0, 249.230769230769], "208":[0, 0, 250.434782608696], "209":[0, 0, 251.638795986622], "210":[0, 0, 252.842809364548], "211":[0, 0, 254.046822742475], "212":[0, 0, 255.250836120401], "213":[0, 0, 256.454849498328], "214":[0, 0, 257.658862876254], "215":[0, 0, 258.862876254181], "216":[0, 0, 260.066889632107], "217":[0, 0, 261.270903010033], "218":[0, 0, 262.47491638796], "219":[0, 0, 263.678929765886], "220":[0, 0, 264.882943143813], "221":[0, 0, 266.086956521739], "222":[0, 0, 267.290969899666], "223":[0, 0, 268.494983277592], "224":[0, 0, 269.698996655518], "225":[0, 0, 270.903010033445], "226":[0, 0, 272.107023411371], "227":[0, 0, 273.311036789298], "228":[0, 0, 274.515050167224], "229":[0, 0, 275.719063545151], "230":[0, 0, 276.923076923077], "231":[0, 0, 278.127090301003], "232":[0, 0, 279.33110367893], "233":[0, 0, 280.535117056856], "234":[0, 0, 281.739130434783], "235":[0, 0, 282.943143812709], "236":[0, 0, 284.147157190635], "237":[0, 0, 285.351170568562], "238":[0, 0, 286.555183946488],