{"name":"コンポ 1", "width":1024, "height":768, "layer":[{"name":"シェイプレイヤー 1", "startFrame":0, "width":1024, "height":768, "is3d":true, "layerType":"shape", "property":{"active":{"0":true, "300":false}, "Position":{"0":[420.007263183594, 459.872955322266, 0]}, "Scale":{"0":[100, 100, 100]}, "Opacity":{"0":100}, "RotationX":{"0":0}, "RotationY":{"0":0}, "RotationZ":{"0":0}, "AnchorPoint":{"0":[0, 0, 0]}, "Orientation":{"0":[0, 0, 0]}, "contents":[{"name":"グループ 1", "mname":"ADBE Vector Group", "type":"group", "contents":[{"name":"描画モード", "mname":"ADBE Vector Blend Mode"}, {"name":"楕円形パス 1", "mname":"ADBE Vector Shape - Ellipse", "inverse":false, "type":"ellipse", "Size":{"0":[100, 100], "10":[101.45652173913, 101.45652173913], "11":[102.913043478261, 102.913043478261], "12":[104.369565217391, 104.369565217391], "13":[105.826086956522, 105.826086956522], "14":[107.282608695652, 107.282608695652], "15":[108.739130434783, 108.739130434783], "16":[110.195652173913, 110.195652173913], "17":[111.652173913043, 111.652173913043], "18":[113.108695652174, 113.108695652174], "19":[114.565217391304, 114.565217391304], "20":[116.021739130435, 116.021739130435], "21":[117.478260869565, 117.478260869565], "22":[118.934782608696, 118.934782608696], "23":[120.391304347826, 120.391304347826], "24":[121.847826086957, 121.847826086957], "25":[123.304347826087, 123.304347826087], "26":[124.760869565217, 124.760869565217], "27":[126.217391304348, 126.217391304348], "28":[127.673913043478, 127.673913043478], "29":[129.130434782609, 129.130434782609], "30":[130.586956521739, 130.586956521739], "31":[132.04347826087, 132.04347826087], "32":[133.5, 133.5], "33":[134.95652173913, 134.95652173913], "34":[136.413043478261, 136.413043478261], "35":[137.869565217391, 137.869565217391], "36":[139.326086956522, 139.326086956522], "37":[140.782608695652, 140.782608695652], "38":[142.239130434783, 142.239130434783], "39":[143.695652173913, 143.695652173913], "40":[145.152173913043, 145.152173913043], "41":[146.608695652174, 146.608695652174], "42":[148.065217391304, 148.065217391304], "43":[149.521739130435, 149.521739130435], "44":[150.978260869565, 150.978260869565], "45":[152.434782608696, 152.434782608696], "46":[153.891304347826, 153.891304347826], "47":[155.347826086957, 155.347826086956], "48":[156.804347826087, 156.804347826087], "49":[158.260869565217, 158.260869565217], "50":[159.717391304348, 159.717391304348], "51":[161.173913043478, 161.173913043478], "52":[162.630434782609, 162.630434782609], "53":[164.086956521739, 164.086956521739], "54":[165.54347826087, 165.54347826087], "55":[167, 167]}, "Position":{"0":[-52, 0], "1":[-50.6609013832176, 0], "2":[-49.3062718914517, 0], "3":[-47.951631909851, 0], "4":[-46.6000750954663, 0], "5":[-45.2495749553545, 0], "6":[-43.8979966409118, 0], "7":[-42.5472064404926, 0], "8":[-41.1978237632407, 0], "9":[-39.8492446669241, 0], "10":[-38.4999876978262, 0], "11":[-37.1485743015303, 0], "12":[-35.7958429058281, 0], "13":[-34.4428872741895, 0], "14":[-33.090423958492, 0], "15":[-31.7388704323862, 0], "16":[-30.3884089671794, 0], "17":[-29.0390397101152, 0], "18":[-27.6906256642711, 0], "19":[-26.3429317263644, 0], "20":[-24.9956595566785, 0], "21":[-23.6484797960865, 0], "22":[-22.3010629840215, 0], "23":[-20.9531104533419, 0], "24":[-19.604386476285, 0], "25":[-18.254753009929, 0], "26":[-16.9042085464786, 0], "27":[-15.5529328277019, 0], "28":[-14.2013395581073, 0], "29":[-12.8501397851286, 0], "30":[-11.5004015223397, 0], "31":[-10.1519306895132, 0], "32":[-8.8031530348977, 0], "33":[-7.45309441319846, 0], "34":[-6.10168298382786, 0], "35":[-4.75011219188441, 0], "36":[-3.40003257359215, 0], "37":[-2.04854286888522, 0], "38":[-0.6938588298104, 0], "39":[0.6608550717424, 0], "40":[2, 0]}}, {"name":"線 1", "mname":"ADBE Vector Graphic - Stroke", "type":"stroke", "Color":{"0":[1, 1, 1, 1]}, "Opacity":{"0":100}, "StrokeWidth":{"0":10}}, {"name":"トランスフォーム", "mname":"ADBE Vector Transform Group", "type":"transform", "Position":{"0":[0, 0]}, "Scale":{"0":[828, 828]}, "Rotation":{"0":0}, "AnchorPoint":{"0":[0, 0]}, "Opacity":{"0":100}, "Skew":{"0":0}, "SkewAxis":{"0":0}}, {"name":"マテリアルオプション", "mname":"ADBE Vector Materials Group"}]}]}}]}