{"name":"simpleSolid", "width":1024, "height":768, "layer":[{"name":"solid_white", "layerType":"solid", "width":256, "height":256, "solid":[1, 1, 1], "property":{"active":{"0":true, "30":false}, "Position":{"0":[512, 256, 0], "1":[449.131666612987, 228.253371421624, 0], "2":[387.120664369526, 198.583932202142, 0], "3":[324.604886178301, 170.004151735059, 0], "4":[260.897993865183, 144.179153033482, 0], "5":[195.083527356223, 124.526818865614, 0], "6":[128, 128, 0], "7":[96.3508987891179, 317.22440755115, 0], "8":[128, 512, 0], "9":[137.113544879448, 527.94515310515, 0], "10":[154.325273010656, 532.679321823498, 0], "11":[171.746540284524, 526.511881711897, 0], "12":[188.072956417992, 517.732325359952, 0], "13":[204.492220366691, 509.107065050343, 0], "14":[221.891796376745, 502.790564052887, 0], "15":[240.252845894044, 502.644786852172, 0], "16":[256, 512, 0], "17":[315.006182595198, 483.520514837056, 0], "18":[367.307045755715, 438.693593749515, 0], "19":[419.18669996101, 393.365242534956, 0], "20":[472.291855778055, 349.494048191471, 0], "21":[527.910919620594, 308.876077075285, 0], "22":[587.700857443627, 274.786546919384, 0], "23":[653.596684480858, 256, 0], "24":[720.046205568441, 377.748944683349, 0], "25":[768, 512, 0], "26":[725.965461517003, 449.022027231831, 0], "27":[648.447210074066, 390.299326667259, 0], "28":[572.131473580898, 330.046475321004, 0], "29":[512, 256, 0]}, "Scale":{"0":[200, 100, 100], "1":[195, 105, 100], "2":[190, 110, 100], "3":[185, 115, 100], "4":[180, 120, 100], "5":[175, 125, 100], "6":[170, 130, 100], "7":[165, 135, 100], "8":[160, 140, 100], "9":[155, 145, 100], "10":[150, 150, 100], "11":[168.75, 150, 100], "12":[187.5, 150, 100], "13":[206.25, 150, 100], "14":[225, 150, 100], "15":[243.75, 150, 100], "16":[262.5, 150, 100], "17":[281.25, 150, 100], "18":[300, 150, 100], "19":[285.714285714286, 185.714285714286, 100], "20":[271.428571428571, 221.428571428571, 100], "21":[257.142857142857, 257.142857142857, 100], "22":[242.857142857143, 292.857142857143, 100], "23":[228.571428571429, 328.571428571429, 100], "24":[214.285714285714, 364.285714285714, 100], "25":[200, 400, 100], "26":[200, 325, 100], "27":[200, 250, 100], "28":[200, 175, 100], "29":[200, 100, 100]}, "Opacity":{"0":100, "1":98.6666666666667, "2":97.3333333333333, "3":96, "4":94.6666666666667, "5":93.3333333333333, "6":92, "7":90.6666666666667, "8":89.3333333333333, "9":88, "10":86.6666666666667, "11":85.3333333333333, "12":84, "13":82.6666666666667, "14":81.3333333333333, "15":80, "16":81.4285714285714, "17":82.8571428571429, "18":84.2857142857143, "19":85.7142857142857, "20":87.1428571428571, "21":88.5714285714286, "22":90, "23":91.4285714285714, "24":92.8571428571429, "25":94.2857142857143, "26":95.7142857142857, "27":97.1428571428571, "28":98.5714285714286, "29":100}, "RotationX":{"0":0}, "RotationY":{"0":0}, "RotationZ":{"0":0, "1":24.8275862068966, "2":49.6551724137931, "3":74.4827586206897, "4":99.3103448275862, "5":124.137931034483, "6":148.965517241379, "7":173.793103448276, "8":198.620689655172, "9":223.448275862069, "10":248.275862068966, "11":273.103448275862, "12":297.931034482759, "13":322.758620689655, "14":347.586206896552, "15":372.413793103448, "16":397.241379310345, "17":422.068965517241, "18":446.896551724138, "19":471.724137931034, "20":496.551724137931, "21":521.379310344828, "22":546.206896551724, "23":571.034482758621, "24":595.862068965517, "25":620.689655172414, "26":645.51724137931, "27":670.344827586207, "28":695.172413793103, "29":720}, "AnchorPoint":{"0":[128, 128, 0], "1":[146.906789635739, 110.354047639873, 0], "2":[163.820670012099, 90.455410823579, 0], "3":[180.587359886688, 70.43179501024, 0], "4":[197.569508617744, 50.5916881884125, 0], "5":[215.09710497139, 31.2329680749402, 0], "6":[233.787657556752, 13.0058619904074, 0], "7":[256, 0, 0], "8":[241.155869553992, 22.6982826371327, 0], "9":[218.189193083459, 43.7156389372167, 0], "10":[194.738931131448, 64.1963915056408, 0], "11":[171.197441528599, 84.5718305454757, 0], "12":[147.881400355558, 105.204432158788, 0], "13":[128, 128, 0], "14":[131.792258655683, 129.896129327841, 0], "15":[135.584830272719, 131.792415136359, 0], "16":[135.584755895041, 131.79237794752, 0], "17":[131.792536374048, 129.896268187024, 0], "18":[128, 128, 0]}, "Orientation":{"0":[0, 0, 0]}, "mask":[{"name":"マスク 1", "mode":"add", "inverted":false, "vertices":[{"0":[-5, -16], "1":[-2.86886596679688, -10.7521057128906], "2":[-0.73771667480469, -5.50419616699219], "3":[1.39341735839844, -0.25630187988281], "4":[3.52456665039062, 4.99159240722656], "5":[9.55743408203125, 10.2108154296875], "6":[15.5902862548828, 15.4300384521484], "7":[21.6231536865234, 20.6492767333984], "8":[27.6560211181641, 25.8684997558594], "9":[33.6888885498047, 31.0877227783203], "10":[39.7217559814453, 36.3069458007812], "11":[45.7546081542969, 41.5261688232422], "12":[51.7874755859375, 46.7453918457031], "13":[57.8203430175781, 51.9646148681641], "14":[75.0774536132812, 48.0901031494141], "15":[92.3345489501953, 44.215576171875], "16":[109.591659545898, 40.341064453125], "17":[126.848770141602, 36.466552734375], "18":[144.105880737305, 32.5920257568359], "19":[161.362976074219, 28.7175140380859], "20":[178.620086669922, 24.8430023193359], "21":[195.877197265625, 20.9684753417969], "22":[213.134307861328, 17.0939636230469], "23":[230.391418457031, 13.2194366455078], "24":[247.648529052734, 9.34492492675781], "25":[251.248519897461, 6.14492797851562], "26":[254.848510742188, 2.94491577148438], "27":[258.448516845703, -0.25508117675781], "28":[262.048492431641, -3.45509338378906], "29":[265.648498535156, -6.65509033203125]}, {"0":[-4, 284], "1":[-0.25, 249], "2":[3.5, 214], "3":[7.25, 179], "4":[11, 144], "5":[11.0407257080078, 142.933746337891], "6":[11.0814514160156, 141.867477416992], "7":[11.1221618652344, 140.801223754883], "8":[11.1628875732422, 139.734954833984], "9":[11.20361328125, 138.668701171875], "10":[11.2443389892578, 137.602432250977], "11":[11.2850494384766, 136.536178588867], "12":[11.3257751464844, 135.469909667969], "13":[11.3665008544922, 134.403656005859], "14":[23.63330078125, 127.320724487305], "15":[35.9001007080078, 120.23779296875], "16":[48.1669006347656, 113.154861450195], "17":[60.4337158203125, 106.071929931641], "18":[72.7005157470703, 98.9889984130859], "19":[84.9673156738281, 91.9060668945312], "20":[97.2341003417969, 84.8231353759766], "21":[109.500915527344, 77.7402038574219], "22":[121.767715454102, 70.6572723388672], "23":[134.034515380859, 63.5743408203125], "24":[146.301315307617, 56.4914093017578], "25":[115.901306152344, 41.2913970947266], "26":[85.5012969970703, 26.0914001464844], "27":[55.1012725830078, 10.8914031982422], "28":[24.7012634277344, -4.30860900878906], "29":[-5.69874572753906, -19.5086059570312]}, {"0":[259, 272], "1":[201.581512451172, 247.408416748047], "2":[144.163024902344, 222.816864013672], "3":[86.7445373535156, 198.225311279297], "4":[29.3260498046875, 173.633743286133], "7":[29.3260498046875, 173.633728027344], "8":[29.3260498046875, 173.633743286133], "9":[29.3260498046875, 173.633758544922], "15":[29.3260650634766, 173.633758544922], "16":[29.3260498046875, 173.633758544922], "25":[21.7260589599609, 196.833755493164], "26":[14.1260528564453, 220.033752441406], "27":[6.52606201171875, 243.233734130859], "28":[-1.07394409179688, 266.433715820312], "29":[-8.6739501953125, 289.633728027344]}, {"0":[260, -12], "1":[248.177322387695, 16.5471649169922], "2":[236.354644775391, 45.0943450927734], "3":[224.531982421875, 73.6415100097656], "4":[212.70930480957, 102.188690185547], "5":[196.240951538086, 107.526397705078], "6":[179.772613525391, 112.864120483398], "7":[163.304260253906, 118.20182800293], "8":[146.835906982422, 123.539535522461], "9":[130.367553710938, 128.877258300781], "10":[113.899200439453, 134.214965820312], "11":[97.4308624267578, 139.552673339844], "12":[80.9625091552734, 144.890396118164], "13":[64.4941558837891, 150.228103637695],